<?xml version="1.0" encoding="UTF-8" ?>
<!DOCTYPE mapper
        PUBLIC "-//mybatis.org//DTD Mapper 3.0//EN"
        "http://mybatis.org/dtd/mybatis-3-mapper.dtd">

<mapper namespace="com.hp.deom1.dao.tbparkingdeta.TbtarkingdateDao">
<insert id="add" parameterType="tbparkingdeta">
    INSERT INTO `db2`.`tbl_parking_detail` (
        `pdId`,
        `pId`,
        `begin`,
        `end`,
        `pDur`,
        `pCost`
    )
    VALUES
        (
            #{pdId},
            #{pId},
            #{begin},
            #{end},
            #{pDur},
            #{pCost}
        );


</insert>
    <!--查询-->
    <select id="tbparkingdetalist" resultType="tbparkingdeta" parameterType="tbparkingdeta">
        SELECT
            t.*,d.*
        FROM
            tbl_parking t,tbl_parking_detail d
        WHERE t.`pId`= d.`pId`
    </select>
    <!--修改上机时间-->
    <update id="setupDate" parameterType="tbparkingdeta">
        UPDATE
            `db2`.`tbl_parking_detail`
        <set>
        <if test="begin!=null">`begin` = #{begin},</if>
        <if test="end!=null">`end` = #{end},</if>
        <if test="pDur!=null">`pDur` = #{pDur},</if>
        <if test="pCost!=null">`pCost` = #{pCost},</if>
    </set>
        WHERE pdId = #{pdId};
    </update>
    <select id="getdate" resultType="int">
            SELECT TIMESTAMPDIFF(SECOND,`BEGIN`,`END`)  FROM`tbl_parking_detail`WHERE pdId=#{pdId}
    </select>


</mapper>