<?xml version="1.0" encoding="UTF-8"?>
<beans xmlns="http://www.springframework.org/schema/beans"
       xmlns:xsi="http://www.w3.org/2001/XMLSchema-instance"
       xmlns:context="http://www.springframework.org/schema/context" xmlns:tx="http://www.springframework.org/schema/tx"
       xmlns:aop="http://www.springframework.org/schema/aop"
       xsi:schemaLocation="http://www.springframework.org/schema/beans http://www.springframework.org/schema/beans/spring-beans.xsd http://www.springframework.org/schema/context https://www.springframework.org/schema/context/spring-context.xsd http://www.springframework.org/schema/cache http://www.springframework.org/schema/cache/spring-cache.xsd http://www.springframework.org/schema/tx http://www.springframework.org/schema/tx/spring-tx.xsd http://www.springframework.org/schema/aop https://www.springframework.org/schema/aop/spring-aop.xsd">
<!--李超严 2022年4月17日16:06:25-->
    <!--组件扫描器-->
    <context:component-scan base-package="com.hp.deom1.server"/>
    <!--引入外部文件-->
    <context:property-placeholder location="classpath:database.properties"/>
    <!--数据源-->
    <bean class="com.mchange.v2.c3p0.ComboPooledDataSource" id="dataSource">
        <property name="user" value="${user}"/>
        <property name="driverClass" value="${driver}"/>
        <property name="jdbcUrl" value="${url}"/>
        <property name="password" value="${password}"/>
    </bean>
    <!--声明SqlSessonFactoryBen-->
    <bean class="org.mybatis.spring.SqlSessionFactoryBean">
        <property name="dataSource" ref="dataSource"></property>
        <property name="configLocation" value="classpath:mybatis-config.xml"></property>
        <property name="mapperLocations" value="classpath:com/hp/deom1/dao/*/*.xml"/>
    </bean>
    <!--配置映射器对象 dao层对象-->
    <bean class="org.mybatis.spring.mapper.MapperScannerConfigurer" id="configurer">
        <property name="basePackage" value="com.hp.deom1.dao"></property>
    </bean>
    <!--事物处理器-->
    <bean class="org.springframework.jdbc.datasource.DataSourceTransactionManager" id="tManager">
        <property name="dataSource" ref="dataSource"/>
    </bean>
    <!--配置事物增强-->
    <tx:advice transaction-manager="tManager" id="txAdvice">
        <tx:attributes>
            <tx:method name="*" rollback-for="Excption"/>
        </tx:attributes>
    </tx:advice>
    <!--增强织入-->
    <aop:config>
        <!--声明切面-->
        <aop:pointcut id="cut" expression="execution(* com.hp.deom1.server..*(..))"/>
        <!--织入增强-->
        <aop:advisor advice-ref="txAdvice" pointcut-ref="cut"></aop:advisor>
    </aop:config>
</beans>