<?xml version="1.0" encoding="UTF-8" ?>
<!DOCTYPE configuration
        PUBLIC "-//mybatis.org//DTD Config 3.0//EN"
        "http://mybatis.org/dtd/mybatis-3-config.dtd">
<configuration>
    <!-- 配置mybatis的log实现为LOG4J


     <settings>
        <setting name="logImpl" value="LOG4J"/>
    </settings>
     -->
    <typeAliases>
        <!--<typeAlias type="cn.smbms.pojo.User" alias="user" ></typeAlias>-->
        <package name="com.hp.deom1.pojo"/>
    </typeAliases>

</configuration>